job_id,job_title,industry_name,salary_min,salary_max,salary_unit,salary_period,experience_required,education_required,status,publish_date,collected_at,company_name,city,job_benefits,job_description,industry_standard,industry_group,job_skills,other_requirement,exp_numeric,salary_min_norm,salary_max_norm,avg_salary,skills_list,merged_job_skills,cluster
171607284,物流销售经理（含运营）,交通/运输/物流,1.2,1.6,万,月,5年及以上,本科,在线,2026-04-15 10:35:14,2026-04-15 18:22:46,富士康科技集团准时达供应链管理(南宁分公司),贵阳,"五险一金,绩效奖金,年终奖金,节日福利,带薪年假,通讯补贴,周末双休","职位详情：
岗位职责
1.负责区域内（贵州）项目的正常运营 ；
2.负责开发区域内新能源运输业务，完成销售目标，并不断提升业绩；

任职要求：
1.45岁以下，本科及以上学历；
2.至少3年以上物流公司中层管理工作经验，具备成功开发新客户、新业务的经历；
3.具有良好的沟通协调、文字写作、团队合作能力，熟练操作计算机和常用办公软件。

年龄要求：
23-45岁

职能类别：
物流经理",物流运输/交通运输,交通与物流,"新能源, 销售, 计算机, 办公软件, 开发新客户",1.45岁以下；本科及以上学历,0.5,12000.0,16000.0,14000.0,"['新能源', '销售', '计算机', '办公软件', '开发新客户']","计算机技能包,销售,办公软件,开发新客户",2
171605637,诚聘轨交巡检人员+五险一金,交通/运输/客运,6.0,8.5,千,月,无需经验,高中,在线,2026-04-15 10:06:35,2026-04-15 18:43:17,保定晟彩人力资源有限公司,泰安,"五险一金,包吃住,五险一金,年终奖金,餐饮补贴,绩效奖金,专业培训,带薪年假,交通补贴,有餐补","职位详情：
【工作内容】
- 轨交线路的日常巡检与维护
- 安全运行状态检查，及时发现并上报潜在安全隐患；
- 配合其他部门，保障整体线路的运行安全；
- 记录巡检情况，整理并提交相关报告。
【任职要求】
- 初中及以上学历，有相关工作经验者优先；
- 身体健康，能适应轮班工作制度；
- 具备良好的责任心和团队协作精神；
- 了解基本的轨道交通安全运行知识；
- 能接受公司提供的五险一金及其他福利待遇。

年龄要求：
18-29岁

职能类别：
轨道交通工程师",物流运输/交通运输,交通与物流,"铁路巡检, 安检员, 乘务员, 高铁检修, VIP接待, 票务员, 轨道交通, 乘辅警",初中及以上学历；身体健康；能适应轮班工作制度,0.0,6000.0,8500.0,7250.0,"['铁路巡检', '安检员', '乘务员', '高铁检修', 'VIP接待', '票务员', '轨道交通', '乘辅警']","铁路巡检,安检员,乘务员,高铁检修,VIP接待,票务员,轨道交通,乘辅警",1
165966213,电气工程师,交通/运输/客运,1.0,1.5,万,月,无需经验,本科,在线,2026-04-15 08:43:38,2026-04-15 19:04:12,中交第二航务工程勘察设计院有限公司,武汉·武昌区,"五险一金,年终奖金,绩效奖金,定期体检,专业培训","职位详情：
工作职责
1. 建筑工程电气控制设计，包括电气类图纸、技术规格书、各阶段设计报告；
2. 项目现场服务，包括设计交底，现场处理问题等。
任职资格（应届&社招）：
1. 身体健康，为人诚实，作风踏实，品德优良。
2. 热爱本专业，在校期间学习成绩优秀，综合素质较好。
3. 有协作精神、团队意识较强， 思路清晰，有较好的语言表达能力 。
4. 掌握岗位所需专业知识，按时完成各项工作任务。

年龄要求：
22-35岁

职能类别：
电气工程师",物流运输/交通运输,交通与物流,"建筑工程, 设计交底, 设计报告, 技术规格书, 现场处理, 电气控制设计, 现场服务",1. 身体健康；作风踏实；品德优良。；2. 热爱本专业；在校期间学习成绩优秀；综合素质较好。；3. 有协作精神、团队意识较强；按时完成各项工作任务。,0.0,10000.0,15000.0,12500.0,"['建筑工程', '设计交底', '设计报告', '技术规格书', '现场处理', '电气控制设计', '现场服务']","建筑工程,设计交底,设计报告,技术规格书,现场处理,电气控制设计,现场服务",1
169314261,c1司机网约车,交通/运输/客运,1.0,1.5,万,月,无需经验,,在线,2026-04-15 09:42:27,2026-04-15 19:11:48,龙利星汽车租赁（上海）有限公司,上海·青浦区,"弹性工作,专业培训,五险一金,有餐补","职位详情：
【工作内容】
日结自提不锁流水！日结自提不锁流水！日结自提不锁流水！
- 按照平台安排，提供安全、准时的网约车服务，保障乘客出行体验；
- 负责车辆日常维护与清洁，确保车辆状况良好；
- 遵守交通法规及公司相关管理制度，保持良好的职业素养；
- 积极配合平台运营调度，完成每日接单任务。
【任职要求】
- 持有有效C1驾驶证，年龄在21到60岁之间，性别不限；
- 无重大交通事故记录，具备良好的驾驶习惯和安全意识；
- 有责任心，沟通能力佳，服务意识强；
- 不限工作经验，欢迎应届毕业生或转行人员加入。

年龄要求：
21-60岁

职能类别：
出租车司机",物流运输/交通运输,交通与物流,"驾驶, c1驾驶证, 交通法规, 车辆日常维护, 接单",具备良好的驾驶习惯和安全意识；有责任心；服务意识强；欢迎应届毕业生或转行人员加入。,0.0,10000.0,15000.0,12500.0,"['驾驶', 'c1驾驶证', '交通法规', '车辆日常维护', '接单']","驾驶,c1驾驶证,交通法规,车辆日常维护,接单",1
170813968,洛阳站高铁乘务员+五险一金,民营,5.0,7.0,千,月,无需经验,中技/中专,在线,2026-04-15 11:27:51,2026-04-15 19:15:11,河北冀铁恒昌人力资源服务有限公司,洛阳,"缴纳五险,五险一金,包吃住,交通补贴,五险一金","职位详情：
岗位职责：
- 负责列车运行过程中的安全巡查与秩序维护；
- 协助乘务人员处理突发情况，保障乘客安全；
- 配合铁路公安部门开展相关安全检查工作；
- 完成上级交办的其他工作任务。
岗位要求：
1.中专及以上学历，专业不限
2.无违法犯罪或违反治安管理的记录，可提供无犯罪记录证明
3.年龄18-30岁（含）以下。身上无明显伤疤
工资架构：
基本工资+奖金+绩效，平均每月税后6000+，全年收入7-9万，每年年终奖1-2万不等
福利待遇：
1.入职后按照国家规定缴纳五险：养老保险、医疗保险、生育保险、工伤保险、失业保险
2.国家法定节日发放相关福利及过节费用（中秋、国庆、元旦、除夕…）
3.每年6-9月份发放防暑费，11-12月份发放取暖费
4.免费提供每季度工服、鞋子、手套等劳保用品
5.统一安排入驻员工宿舍，小区式住宿环境，水、电、暖气、空调等齐全
6.长期合同制 可以长期稳定工作、退休后有退休金、享受养老政策

年龄要求：
18-30岁

职能类别：
乘务员",其他行业,交通与物流,"乘务员, 检票员, 安全员, 列车员, 餐吧乘务, 安全检查",1.中专及以上学历,0.0,5000.0,7000.0,6000.0,"['乘务员', '检票员', '安全员', '列车员', '餐吧乘务', '安全检查']","乘务员,检票员,安全员,列车员,餐吧乘务,安全检查",1
168611107,急招网约车司机来面就过,交通/运输/客运,9.0,12.0,千,月,无需经验,,在线,2026-04-15 09:03:21,2026-04-15 19:16:27,重庆乾途辛科技有限公司,重庆·南岸区,"年假,五险,带薪病假,带薪年假,绩效奖金,年终奖金,专业培训,定期体检,租房补贴","职位详情：
急招网约车司机！觉得真实，没有套路，不锁流水，每日可提现
【岗位职责】
1、接送乘客，安全驾驶网约车
2、通过软件接受订单，按时接送乘客
【平台优势】
1、不限单子，多劳多得
2、不锁流水
3、多跑高峰期和节假日奖励多
4、平台有专业岗前培训，司机服务团队全程陪伴
【职位要求】
1、 持有C1驾照，驾龄1-3年以上
2、无酒驾、重大交通事故记录
3、 无一次性扣6分及以上违章记录
4、全职或兼职均可

年龄要求：
21-59岁

职能类别：
出租车司机",物流运输/交通运输,交通与物流,"C1驾照, 驾龄1-3年以上, 无酒驾记录, 无重大交通事故记录, 无一次性扣6分及以上违章记录",每日可提现；按时接送乘客；多劳多得；3、多跑高峰期和节假日奖励多；司机服务团队全程陪伴；职位要求；4、全职或兼职均可；21-59岁,0.0,9000.0,12000.0,10500.0,"['C1驾照', '驾龄1-3年以上', '无酒驾记录', '无重大交通事故记录', '无一次性扣6分及以上违章记录']","C1驾照,驾龄1-3年以上,无酒驾记录,无重大交通事故记录,无一次性扣6分及以上违章记录",1
171157029,7千起长白班质检需有做过管吃住,交通/运输/物流,7.0,7.5,千,月,无需经验,,在线,2026-04-15 16:46:35,2026-04-15 19:19:54,佛山市西西音物流供应链有限公司,惠州·惠城区,,"职位详情：
长白班长白班；需要有过质检经验
小时工25元/时！每天10h左右，月休4天可自由调休
要求：22–38岁，会26字母，有质检经验优先，可以带手机
福利：包一餐工作餐+园区宿舍（空调热水阳台全齐）｜入职7天每周预支500｜20号发薪｜可自由调休

职能类别：
服装纺织质检员(QA/QC)",物流运输/交通运输,交通与物流,"质检经验, 26字母",22–38岁,0.0,7000.0,7500.0,7250.0,"['质检经验', '26字母']","质检经验,26字母",1
171230193,报关专员,交通/运输/物流,5.0,8.0,千,月,1年,大专,在线,2026-04-15 10:04:54,2026-04-15 19:22:11,昆山新宁物流有限公司,昆山,"五险一金,节日福利,高温补贴,通讯补贴,带薪年假,周末双休,绩效奖金,专业培训,免费工作餐","职位详情：
1. 全程负责中欧班列货物报关现场相关事务，熟练操作中欧班列报关全流程（含单证准备、系统申报、海关预审、税费计算、放行跟踪），确保货物高效通关。
2. 精准处理跨境贸易中的特殊要求（如HS编码归类、原产地证、许可证核验等），符合中国海关及欧盟海关（如EU Customs）规则。
3. 现场操作执行： 熟练掌握海关现场关键操作，包括：
3.1. 绑卡：在卡口系统中完成车辆/集装箱IC卡绑定、身份验证及数据同步；
3.2. 查验：配合海关完成货物开箱查验、货证核对及异常情况应急处理；
3.3. 递单：高效完成报关单、装箱单、发票等单证的现场递交与系统录入。
4. 跨部门协作：
与物流团队、货代、船公司紧密联动，优化货物集拼、装箱及运输节点，减少通关延误；及时反馈海关政策变化，提出流程优化建议。
5. 合规与风控：
确保报关数据准确合规，规避滞港、罚款等风险；完成海关稽查配合及档案管理。
6. 任职要求
6.1. 硬性条件：
大专及以上学历，国际贸易、物流管理、报关或相关专业；
有报关实操经验者优先，必须熟悉中欧班列报关全流程（需在简历中注明具体线路经验，如经由阿拉山口、霍尔果斯、二连浩特等口岸）；
6.2. 精通海关现场操作：
熟悉“单一窗口”系统、海关H2018系统及中欧班列专属报关平台；
能独立完成绑卡、查验、递单等现场操作（需提供实操案例或证书证明）。
6.3. 优先条件：
持有《报关水平测试证书》或《报关员资格证》；
有中欧班列（如“中欧班列”“中亚班列”）合作方（如铁路局、海关）工作经验；
熟悉欧盟EORI编码、CE认证等跨境合规要求。
6.4. 能力素质：
细致严谨，能承受高强度通关节奏（如旺季集中报关）；
优秀沟通能力，能与海关、客户高效对接；
熟练使用Excel、Word等办公软件。

职能类别：
报关与报检",物流运输/交通运输,交通与物流,"报关, 国际贸易, 风控, 系统录入, 装箱单, 报关单, 海关, 查验, 海关政策, 跨境贸易",大专及以上学历；国际贸易、物流管理、报关或相关专业；6.3. 优先条件：；6.4. 能力素质：；细致严谨；能承受高强度通关节奏（如旺季集中报关）；能与海关、客户高效对接,0.1,5000.0,8000.0,6500.0,"['报关', '国际贸易', '风控', '系统录入', '装箱单', '报关单', '海关', '查验', '海关政策', '跨境贸易']","国际贸易技能包,风控,系统录入,装箱单,报关单,海关,查验,海关政策,跨境贸易",1
167675567,南京送餐员9千有车住,货运/物流/仓储,4.0,7.0,元,单,无需经验,,在线,2026-04-15 09:30:30,2026-04-15 19:31:14,广州凯博人力资源服务有限公司,南京·鼓楼区,"员工宿舍,保险,高温补贴","职位详情：
日收入350+/天轻松配送+工作8小时+就近安排
日收入350+/天轻松配送+工作8小时+就近安排
日 收入350+/天轻松配送+工作8小时+就近安排
车住不愁，住宿4人间人均每天55单以上
配送货物:食品、水果，蔬菜，快餐，牛奶，面包、饮料，零食等生活用品及食品，小件商品。
取单模式:商圈好跑，不用到商家取货，有专门的
拣货员帮你拣货。系统排队取单，无需抢单，不人为派单，系统优化派单，每趟8-20单系统派单不用抢单。
[招聘要求]会用智能手机就可以[薪资福利待遇]
日收入300-450
周收入2500
月收入工资8000-15000(上不封顶)
有意直接投递简历或者私信

职能类别：
送餐员",物流运输/交通运输,交通与物流,会用智能手机,日收入350+/天轻松配送+工作8小时+就近安排；日收入350+/天轻松配送+工作8小时+就近安排；日 收入350+/天轻松配送+工作8小时+就近安排；有专门的；拣货员帮你拣货。；周收入2500；有意直接投递简历或者私信,0.0,4.0,7.0,5.5,['会用智能手机'],会用智能手机,1
171603058,现场运营岗,交通/运输/物流,4.0,4.5,千,月,1年及以上,本科,在线,2026-04-15 08:51:18,2026-04-15 20:21:23,中都数科供应链管理有限公司北京分公司,长春·绿园区,"周末双休,五险一金,带薪年假,节日福利,通讯补贴","职位详情：
负责管辖汽车4S监管店内监管员日常工作进行监控、督导、发现问题并解决问题，以保障业务正常运营为基本原则，确保公司各项规章制度得到高效的执行
岗位要求：
1、负责监管员各项日常工作进行监督检查，确保业务正常开展
2、负责解决监管员日常业务中出现的各种问题并进行处理，与客户进行沟通协调，重要事项汇报上级并提出解决方案
3、负责上级领导下达的工作安排、程序更新进行跟进，保证公司每一项制度、指令得到高效的执行
4、负责给与支持监管员日常事务，帮助他们解决业务中的困难
5、整理各项业务资料，维护和更新业务平台系统
6、日常业务的数据处理、跟进
招聘条件：
1、本科及以上学历，25-35周岁
2、熟练运用办公软件（Excel、word、ppt）
3、有无经验均，抗压能力强，在办公室办公，偏向于文员工作
4、团队意识较强，具有较强的责任感及执行力，具备较强的学习能力、发现问题、解决问题的能力
工作时间：
工作日8：30-5:30，周末双休，节假日正常休

年龄要求：
25-35岁

职能类别：
运营专员",物流运输/交通运输,交通与物流,"办公软件, excel, word, ppt, 监控, 文员, 监督检查, 沟通协调, 数据处理",确保业务正常开展；保证公司每一项制度、指令得到高效的执行；1、本科及以上学历；25-35周岁；3、有无经验均；抗压能力强；偏向于文员工作；4、团队意识较强；具有较强的责任感及执行力；具备较强的学习能力、发现问题、解决问题的能力,0.1,4000.0,4500.0,4250.0,"['办公软件', 'excel', 'word', 'ppt', '监控', '文员', '监督检查', '沟通协调', '数据处理']","办公软件,word技能包,ppt,监控,文员,监督检查,沟通协调,数据处理",1
171603502,乘务员/上一休一/管吃住,交通/运输/客运,5.0,6.0,千,月,无需经验,高中,在线,2026-04-15 11:22:36,2026-04-15 21:04:51,河北国联轨道交通有限公司,运城,"缴纳五险,员工宿舍,生育保险,失业保险,养老保险,工伤保险,医疗保险","职位详情：
一、职位信息
职位名称：乘务员/上一休一/管吃住
1.工作内容：
负责车厢门口旅客上下车安全，引导座位、查验车票、核对铺位、维护车内公共秩序
2、工作要求：
（1）性别不限，18-30周岁，身体健康，无不良嗜好；
（2）普通话标准。无违法犯罪记录,具有良好服务意识及亲和力，热爱服务行业；
（3）退役军人/应届毕业生优先；
（4）接受实习生。
二、薪资详情
1.薪资范围：5-8K
2.薪资结构：
（1）转正综合工资： 一线城市综合工资6000-8000，二三线城市综合 5000-6000
（2）上几休几(例如上二休二或上三休三等)，统一安排入驻员工宿舍，水、电、暖气、空调等齐全。
（3）入职后按照国家规定缴纳五险：养老保险、医疗保险、生育保险、工伤保险、失业保险。
（4）长期合同制 可以长期稳定工作、退休后有退休金、享受养老政策
三、入职公司信息
入职公司名称：北京都杰安防科技有限公司 工作地点：根据户籍所在地安排或根据个人意愿安排
四、实习/培训情况
实习/培训时间：6个月
实习/培训地点：北京
实习/培训薪资：1.8K-3K，加班等其他补助另算
年龄要求：18-30周岁

年龄要求：
18-30岁

职能类别：
乘务员",物流运输/交通运输,交通与物流,"服务, 公共秩序, 乘务员, 查验车票",一、职位信息；职位名称：；乘务员/上一休一/管吃住；2、工作要求：；18-30周岁；身体健康；无不良嗜好；具有良好服务意识及亲和力；热爱服务行业；（3）退役军人/应届毕业生优先；二、薪资详情；1.薪资范围：；2.薪资结构：；（4）长期合同制 可以长期稳定工作、退休后有退休金、享受养老政策；入职公司名称：；18-30周岁；18-30岁；乘务员,0.0,5000.0,6000.0,5500.0,"['服务', '公共秩序', '乘务员', '查验车票']","服务,公共秩序,乘务员,查验车票",1
171614406,餐吧乘务员,交通/运输/客运,4.0,7.0,千,月,无需经验,中技/中专,在线,2026-04-15 16:46:09,2026-04-15 21:10:47,河北国联轨道交通有限公司,许昌,"缴纳五险,员工宿舍,医疗保险,养老保险,工伤保险,失业保险,生育保险","职位详情：
一、职位信息
职位名称：餐吧乘务员
1.工作内容：
负责高铁行驶过程中旅客的用餐及水果饮品的提供服务以及售卖文创特产等工作
2、工作要求：
（1）性别不限，18-30周岁，身体健康，无不良嗜好；
（2）普通话标准。无违法犯罪记录,具有良好服务意识及亲和力，热爱服务行业；
（3）退役军人/应届毕业生优先；
（4）接受实习生。
二、薪资详情
1.薪资范围：5-8K
2.薪资结构：
（1）转正综合工资： 一线城市综合工资5000-8000，二三线城市综合 4000-7000
（2）上几休几(例如上二休二或上三休三等)，统一安排入驻员工宿舍，水、电、暖气、空调等齐全。
（3）入职后按照国家规定缴纳五险：养老保险、医疗保险、生育保险、工伤保险、失业保险。
（4）长期合同制 可以长期稳定工作、退休后有退休金、享受养老政策
三、入职公司信息
入职公司名称：北京都杰安防科技有限公司 工作地点：根据户籍所在地安排或根据个人意愿安排
四、实习/培训情况
实习/培训时间：6个月
实习/培训地点：北京
实习/培训薪资：1.8K-3K，加班等其他补助另算
年龄要求：18-30周岁

年龄要求：
18-30岁

职能类别：
乘务员",物流运输/交通运输,交通与物流,"服务行业, 乘务员, 提供服务",一、职位信息；职位名称：；2、工作要求：；18-30周岁；身体健康；无不良嗜好；具有良好服务意识及亲和力；热爱服务行业；（3）退役军人/应届毕业生优先；二、薪资详情；1.薪资范围：；2.薪资结构：；（4）长期合同制 可以长期稳定工作、退休后有退休金、享受养老政策；入职公司名称：；18-30周岁；18-30岁；乘务员,0.0,4000.0,7000.0,5500.0,"['服务行业', '乘务员', '提供服务']","服务行业,乘务员,提供服务",1
171616640,操作客服（成都）,交通/运输/物流,4.0,6.0,千,月,1年及以上,大专,在线,2026-04-15 15:06:06,2026-04-15 21:46:00,广州伟世博物流供应链有限公司,成都·高新区,"五险一金,带薪年假,带薪病假,专业培训,定期体检","职位详情：
岗位职责：
1.负责全程进出口业务流程，包含跟单/订舱/报关、查验、放行等操作环节； 与航空公司、货运代理及客户进行沟通协调，确保货物按时、准确地完成空运流程。
2.及时反馈信息，与公司内部部门及客户进行有效沟通，解决各环节出现的问题；
3.负责制作费用账单，按公司规定的时效与客户对账、开票、收款；
4.负责务完成后根据客户实际要求交接好相关文件；
5.协助部门维护客户关系，完成部门内部的其他工作。
6.上级安排的其他工作。

岗位要求：
1.大专及以上学历，英语四级或以上；
2.熟练操作Office系统办公软件；
3.具备一定的国际空运业务知识与关务知识，1年或以上空运出口相关工作经验；
4.性格开朗，善于沟通，积极主动，能独立处理异常情况。
5.具备良好的服务意识、有耐心和责任心，有一定的抗压能力。

职能类别：
物流专员/助理",物流运输/交通运输,交通与物流,"空运, 订舱, 空运出口, 客户对账, 费用账单, 国际空运",1.大专及以上学历；3.具备一定的国际空运业务知识与关务知识；4.性格开朗；善于沟通；积极主动；5.具备良好的服务意识、有耐心和责任心；有一定的抗压能力。,0.1,4000.0,6000.0,5000.0,"['空运', '订舱', '空运出口', '客户对账', '费用账单', '国际空运']","空运,订舱,空运出口,客户对账,费用账单,国际空运",1
165090859,国际货运业务（商务）,交通/运输/物流,5.0,10.0,千,月,无需经验,本科,在线,2026-04-15 09:24:29,2026-04-15 22:40:10,吉通供应链管理（天津）有限公司,天津,"五险一金,员工旅游,专业培训,年终奖金,定期体检,周末双休,节假日福利,带薪年假,绩效奖金,出差补贴","职位详情：
",物流运输/交通运输,交通与物流,"网络推广, 文案编辑, 渠道拓展",,0.0,5000.0,10000.0,7500.0,"['网络推广', '文案编辑', '渠道拓展']","网络推广,文案编辑,渠道拓展",1
171643735,小队直招日结周结商圈外卖配送员,民营,5.0,9.0,千,月,无需经验,,在线,2026-04-16 16:15:29,2026-04-17 08:44:07,四川同亿供应链管理有限责任公司,成都·武侯区,"员工宿舍,购买保险","职位详情：
【薪资福利】
1、有车自带，没车公司统一安排，达到要求免费使用；
2、提供员工餐，员工宿舍，购买保险；
3、补贴:暖冬补贴、夜宵补贴、恶劣天气补贴、距离补贴、大额单补贴、骑手等级补贴等各种补贴；
4、综合薪资:5000-9000/月；
5、工资月结，每月25号左右公司统一打到卡上，可预支薪资，(闲暇时间站长会安排休息);
工作时间:11:00-14:00，17:00-21:00 ，月休4天，排班自由；
可晋升渠道:骑手-队长--副站长--站长--区域经理-城市经理

年龄要求：
18-50岁

职能类别：
送餐员",其他行业,交通与物流,,薪资福利；2、提供员工餐；4、综合薪资:；可预支薪资；(闲暇时间站长会安排休息)；可晋升渠道:；骑手-队长--副站长--站长--区域经理-城市经理；18-50岁,0.0,5000.0,9000.0,7000.0,[],,1
171640427,9500起快递库房普工分拣扫描打包,货运/物流/仓储,9.0,9.5,千,月,无需经验,,在线,2026-04-16 15:00:05,2026-04-17 08:47:44,廊坊相禹物流有限公司,唐山,"奖金,五险一金,包吃住","职位详情：
【岗位职责】
负责工厂内分拣、扫描、打包以及货物搬运与装卸
确保货物安全及时送达指定位置
【职位要求】
无经验要求，短期工/正式工均可
认识26个英文字母
不限学历和工作年限
【薪资福利】
底薪+绩效+全勤+奖金+加班补助=8500-13000
五险一金，不压工资，干满30天即发工资
工作一周可预支工资
公司包吃住，宿舍6/8人间，有空调、暖气、24小时热水
食堂荤素搭配，一日三餐
外地来京人员可报销500元路费

年龄要求：
19-55岁

职能类别：
普工/操作工",物流运输/交通运输,交通与物流,"普工, 分拣扫描, 理货, 贴签, 小件装卸, 快递搬运, 打包",确保货物安全及时送达指定位置；职位要求；短期工/正式工均可；不限学历和工作年限；薪资福利；公司包吃住；19-55岁,0.0,9000.0,9500.0,9250.0,"['普工', '分拣扫描', '理货', '贴签', '小件装卸', '快递搬运', '打包']","普工,分拣扫描,理货,贴签,小件装卸,快递搬运,打包",1
171628080,跟车工作/包吃住/缴纳社保,民营,6.0,8.0,千,月,无需经验,中技/中专,在线,2026-04-16 11:12:55,2026-04-17 08:47:56,石家庄万辽客运服务有限公司,榆林,"员工宿舍,包吃住,缴纳五险,生育保险,失业保险,医疗保险,养老保险,工伤保险","职位详情：
入职公司名称：北京都杰安防科技有限公司
工作地点：根据户籍地安排
1.转正和实习工作内容：
（1）负责协助旅客上下车，检查票务，认座，旅客餐饮咨询等工作；
（2）负责车站出入站口检票工作；
（3）负责列车、站内安全管理(包括引导，抽查旅客身份证件)；
（4）动车联检、轨道维保维管、接触网工等。
2、工作要求：
（1）性别不限，18-30岁，身体健康，无不良嗜好；
（2）普通话标准。无违法犯罪记录,具有良好服务意识及亲和力，热爱服务行业；
（3）退役军人/应届毕业生优先；
（4）接受实习生。
二、薪资详情
1.薪资范围：6-8K
2.薪资结构：
（1）转正综合工资： 一线城市综合工资6000-8000，二三线城市综合 5000-7000
（2）上几休几(例如上二休二或上三休三等)，统一安排入驻员工宿舍，小区式住宿环境，水、电、暖气、空调等齐全。
（3）入职后按照国家规定缴纳五险：养老保险、医疗保险、生育保险、工伤保险、失业保险。
（4）长期合同制 可以长期稳定工作、退休后有退休金、享受养老政策
三、入职公司信息
入职公司名称：北京都杰安防科技有限公司
工作地点：根据户籍地安排，也可以根据求职者意愿调整。
四、实习/培训情况
实习/培训时间：3-6个月，实习内容
实习/培训地点：北京，天津.南昌.成都等
实习/培训薪资：2K-3K，加班等其他补助另算

年龄要求：
18-30岁

职能类别：
普工/操作工",其他行业,交通与物流,"安全管理, 检票, 引导, 检查票务, 认座, 接触网, 上下车",入职公司名称：；旅客餐饮咨询等工作；（2）负责车站出入站口检票工作；2、工作要求：；18-30岁；身体健康；无不良嗜好；具有良好服务意识及亲和力；热爱服务行业；（3）退役军人/应届毕业生优先；二、薪资详情；1.薪资范围：；2.薪资结构：；（4）长期合同制 可以长期稳定工作、退休后有退休金、享受养老政策；入职公司名称：；18-30岁,0.0,6000.0,8000.0,7000.0,"['安全管理', '检票', '引导', '检查票务', '认座', '接触网', '上下车']",检票技能包,1
171643558,日薪 300+招新手家电清洗,货运/物流/仓储,9.0,12.0,千,月,无需经验,,在线,2026-04-16 16:10:37,2026-04-17 08:52:09,深圳智远云商信息技术有限公司,嘉兴·秀洲区,"带薪年假,专业培训,出差补贴","职位详情：
一、工程师基础要求
1、年龄：20-48周岁
2、基本技能：识字，会使用智能手机，熟练使用导航，会骑电动车
3、时间要求：早上8点—晚上8点开放时间接单，有单做单，无单自由安排。
4、免费培训家电清洗及家政相关技能，无经验，有岗前培训3-5天培训上岗
5、周度要求：月休4天，做6休1，周一至周五间固定1天休息；也可以选择不固定休息，有事提前请假。

二、岗位职责和薪资待遇：
1、工资待遇：收入9000-12000元上不封顶
2、工作内容：主要负责空调、冰箱、洗衣机、油烟机等家电清洗及床垫沙发除螨、木地板打蜡等-免费学，入职后安排免费实操培训
3、工作按住址就近派单。APP派单，不需要到公司打卡上下班
4、全职，全职

年龄要求：
20-48岁

职能类别：
家电维修",物流运输/交通运输,交通与物流,"识字, 会使用智能手机, 熟练使用导航, 会骑电动车, 空调清洗, 冰箱清洗, 洗衣机清洗, 油烟机清洗, 床垫沙发除螨, 木地板打蜡, APP派单",20-48周岁；周一至周五间固定1天休息；也可以选择不固定休息；有事提前请假。；3、工作按住址就近派单。；不需要到公司打卡上下班；4、全职；全职；20-48岁,0.0,9000.0,12000.0,10500.0,"['识字', '会使用智能手机', '熟练使用导航', '会骑电动车', '空调清洗', '冰箱清洗', '洗衣机清洗', '油烟机清洗', '床垫沙发除螨', '木地板打蜡', 'APP派单']",识字技能包,1
171614163,国际物流销售总监（广州&深圳）,货运/物流/仓储,1.5,3.0,万,月,5年及以上,大专,在线,2026-04-16 13:55:33,2026-04-17 08:54:33,急速国际物流科技（深圳）有限公司,深圳·龙岗区,"五险,带薪年假,带薪病假,员工旅游,五险一金,年终奖金,绩效奖金,项目奖金,专业培训","职位详情：
岗位职责：
1、负责货代销售团队的组建、培训、指导和激励，制定团队销售目标和计划，定期进行绩效评估，提升团队整体业务能力和销售业绩。
2、收集行业动态、竞争对手信息，分析市场数据，为公司战略决策提供有价值的市场情报和建议。
3、根据企业发展战略，制定短期和长期的市场开拓和销售策略，实现业务销售目标。
3、对现有资源供应商进行考核、考评优化，提供竞争力的运输、成本资源，保障价格竞争力。
4、了解新旧客户需求与客户反馈，并及时有效地处理客户的不满，建立和维护与客户之间良好的关系，负责公司及产品品牌的建立和提升。
5、维护老客户的业务，挖掘现有客户的潜在需求;定期与合作客户进行沟通，建立良好的长期合作关系。
任职要求：
1、具有5年以上的跨境物流行业工作经验，3年以上团队管理经验，熟悉跨境物流（空运、海运、国际快递、进出口贸易）行业运营模式，条件优秀者可放宽条件；
2、较强的组织管理能力、敏锐的市场洞察能力、优秀的业务开拓能力、顽强的抗压能力；
3、擅长沟通、协调、逻辑思维缜密、条理清楚；
4、高度责任心和敬业精神，工作严谨，能吃苦耐劳、注重团队合作，有独立的分析和解决问题能力。

职能类别：
销售总监",物流运输/交通运输,交通与物流,"销售, 团队管理, 海运, 运输, 空运, 销售策略, 市场开拓, 维护老客户, 进出口贸易",条件优秀者可放宽条件；2、较强的组织管理能力、敏锐的市场洞察能力、优秀的业务开拓能力、顽强的抗压能力；4、高度责任心和敬业精神；工作严谨,0.5,15000.0,30000.0,22500.0,"['销售', '团队管理', '海运', '运输', '空运', '销售策略', '市场开拓', '维护老客户', '进出口贸易']","销售,团队管理,海运,运输,空运,销售策略,市场开拓,维护老客户,进出口贸易",2
171646574,淘宝闪购骑手+月薪8千-1万2+就近分配+单量高,其他行业,8.0,12.0,千,月,无需经验,,在线,2026-04-16 17:34:50,2026-04-17 09:18:21,深圳仕通人才科技有限公司,广州·番禺区,"年终奖金,交通补贴,高温补贴,全勤奖,餐饮补贴","职位详情：
【工作内容】
- 负责淘宝闪购平台订单的快速配送，确保商品准时送达客户手中；
- 负责餐饮外卖订单配送，路线简单易上手；
- 保持良好的服务态度，提升客户满意度；
- 系统派单，无需抢单，新手有人带，上手快，有无经验均可。
【薪资待遇】
- 薪资8000-12000，多劳多得，单价高、补贴多，收入稳定；
- 每月按时发放工资到卡，可以预支工资；
- 面试当天可提供住宿，站点有食堂，门店有免费休息室。
【任职要求】
- 年龄18周岁以上，身体健康，具备良好的沟通能力；
- 不限工作经验，有相关经验者可优先考虑，无经验可做培训上岗；
- 不限学历，有责任心和较强的时间观念；
- 熟悉使用智能手机，能接受灵活的工作安排。
【工作地点】
- 广州全城就近安排站点面试，配送范围为门店周围3公里。
【福利待遇】
- 0元免押供车住，无押金费用，可配备员工宿舍和饭堂。补贴奖励多，高温补贴，大单补贴，距离补贴，早晚间补贴，全勤奖，工龄奖；
- 排全天班次，综合工资大约是8000-12000月，多劳多得，上不封顶，月休4天，自由调休；
！！！请放心，无任何费用，联系我们直接安排站点面试，站长亲自面试1对1，公司系统派单！！！不用抢单！！只要你想赚钱只要你能跑！！不用担心没有单子跑！！

年龄要求：
18岁以上

职能类别：
送餐员",其他行业,交通与物流,"良好的沟通能力, 熟悉使用智能手机, 能接受灵活的工作安排, 有责任心, 较强的时间观念",身体健康；不限学历；有责任心和较强的时间观念；能接受灵活的工作安排。,0.0,8000.0,12000.0,10000.0,"['良好的沟通能力', '熟悉使用智能手机', '能接受灵活的工作安排', '有责任心', '较强的时间观念']","良好的沟通能力,熟悉使用智能手机,能接受灵活的工作安排,有责任心,较强的时间观念",1
171643598,日薪 300+招新手家电清洗,货运/物流/仓储,9.0,12.0,千,月,无需经验,,在线,2026-04-16 16:11:50,2026-04-17 09:18:37,深圳智远云商信息技术有限公司,无锡·新吴区,"带薪年假,专业培训,出差补贴","职位详情：
一、工程师基础要求
1、年龄：20-48周岁
2、基本技能：识字，会使用智能手机，熟练使用导航，会骑电动车
3、时间要求：早上8点—晚上8点开放时间接单，有单做单，无单自由安排。
4、免费培训家电清洗及家政相关技能，无经验，有岗前培训3-5天培训上岗
5、周度要求：月休4天，做6休1，周一至周五间固定1天休息；也可以选择不固定休息，有事提前请假。

二、岗位职责和薪资待遇：
1、工资待遇：收入9000-12000元上不封顶
2、工作内容：主要负责空调、冰箱、洗衣机、油烟机等家电清洗及床垫沙发除螨、木地板打蜡等-免费学，入职后安排免费实操培训
3、工作按住址就近派单。APP派单，不需要到公司打卡上下班
4、全职，全职

年龄要求：
20-48岁

职能类别：
家电维修",物流运输/交通运输,交通与物流,"识字, 会使用智能手机, 熟练使用导航, 会骑电动车, 家电清洗, 家政相关技能, 空调清洗, 冰箱清洗, 洗衣机清洗, 油烟机清洗, 床垫沙发除螨, 木地板打蜡, APP派单",20-48周岁；周一至周五间固定1天休息；也可以选择不固定休息；有事提前请假。；3、工作按住址就近派单。；不需要到公司打卡上下班；4、全职；全职；20-48岁,0.0,9000.0,12000.0,10500.0,"['识字', '会使用智能手机', '熟练使用导航', '会骑电动车', '家电清洗', '家政相关技能', '空调清洗', '冰箱清洗', '洗衣机清洗', '油烟机清洗', '床垫沙发除螨', '木地板打蜡', 'APP派单']","识字技能包,家电清洗,家政相关技能",1
171646799,曹操公司直招专车快车司机,交通/运输/物流,8.0,12.0,千,月,无需经验,,在线,2026-04-16 17:32:05,2026-04-17 09:18:47,苏州可为汽车服务有限公司,苏州·吴中区,保险,"职位详情：
每天上班时间司机自行安排 自由无限
一人一车 车辆24小时由司机自己安排
平台自动派单，不需要自己找单
福利待遇
每日流水380-600 多劳多得 综合月收9000—15000 上不封顶 多劳多得
免费培训 包教包会
车辆保险保养维修公司负责 你只需要开车就行
年龄21-62周岁
驾照满一年以上

年龄要求：
21岁以上

职能类别：
出租车司机",物流运输/交通运输,交通与物流,"驾驶员, C1驾驶员",每天上班时间司机自行安排 自由无限；21岁以上,0.0,8000.0,12000.0,10000.0,"['驾驶员', 'C1驾驶员']","驾驶员,C1驾驶员",1
171626100,固定门店接单 单量稳定 30分钟短途配送,货运/物流/仓储,4.0,6.0,元,单,无需经验,,在线,2026-04-16 10:04:30,2026-04-17 09:20:53,达吉通网络科技（广东）有限公司,佛山·南海区,"全勤奖,高温补贴,专业培训","职位详情：
【工作轻松稳定，长期干首选】
小象超市线下门店驻店专职配送，只送超市日常百货、水果生鲜、生活用品，订单集中、小区密集，单量大、路线近、天天有单。

不用到处跑商圈，不用远距离奔波，驻店等单，系统自动派单，工作简单稳定，适合想安稳长期上班的小伙伴。

薪资福利
综合月薪7000-11000元，收入稳定月月高
全勤奖、绩效奖、冲单奖励全部都有

优势亮点
不用自己备车，站点统一提供车辆
不用熬夜瞎跑，配送距离近，时效宽松
超市订单好送，顾客素质高，投诉少
正规平台直签，工作有保障

任职条件
年龄合适，身体健康，踏实工作即可
新手手把手教，不会也能干，上手特别快

年龄要求：
18-50岁

职能类别：
送餐员",物流运输/交通运输,交通与物流,身体健康,身体健康；踏实工作即可；上手特别快,0.0,4.0,6.0,5.0,['身体健康'],身体健康,1
169287323,"Senior Advisor, KAM Commercial Asia",交通/运输/物流,3.0,4.8,万,月,5年及以上,本科,在线,2026-04-16 11:09:05,2026-04-17 09:59:40,美集物流运输（中国）有限公司,上海·静安区,"五险一金,专业培训,年终奖金,定期体检,带薪年假,节日福利,弹性工作,周末双休,补充医疗保险","职位详情：
Job Purpose

This role drives the strategic business engagement with assigned existing key customers with commercial decision and key influencer in Asia. Build clear account strategies, short term and long term, and drive growth and expansion of businesses to meet assigned budget targets. Own and lead RFI/P/RFQ activities, and work with different stakeholders from different functions in the organisation to drive effective and competitive responses to win new businesses. Leading the account plans and work closely with Program Management team and operations to deliver highest level of execution.

This role creates, owns and drives the strategic roadmap for assigned customers. Serving as the Asia customer ambassador, connecting customers’ needs to existing capabilities, while also engaging SMEs to drive the development of future solutions. This role ensures that APLL continues to generate and deliver value to our customers and help customer to be in the forefront of competition and the industry.


Responsibilities

Key Account Management
- Manage a portfolio of customer relationships independently
- Develop and execute tailored solutions for customers that ensure their ongoing satisfaction and loyalty while also enhancing profitability
- Carry out strategic measures for the management, growth, and revenue retention of account portfolios. Strives to achieve continuous revenue / contribution margin (CM) growth.
- Work closely in projects with cross-functional teams to develop creative solutions to meet customer needs.
- Execute the Strategic Roadmap for defined accounts.
- Actively engage with the cross commercial team to drive efficiencies, develop new ideas/initiatives, in support of on-going account development goals and objectives.
- Meet Commercial targets set

Customer Relationship Management
- Manage assigned client and customer relationships, to ensure their ongoing satisfaction & loyalty.
- Ensure revenue leakage is held at target for managed accounts.
- Proactively identifies new opportunities, increasing the footprint of business and solutions with assigned customer(s), ensuring an attractive and sizeable pipeline and high closing ratio.
- Regularly gathers customer feedback to raise new solutions and business opportunities with their manager and team
- Work closely with PM/Ops to support team to implement effective solutions for customers
- Drive engagement of APLL and customer representatives, to ensure that strong relationships are developed/nurtured
- Be the voice to customer, however with APLL interests as top priority

Customer Needs Clarification
- Obtain a good understanding of on-going customer needs
- Ensure that any potential risks related to the customer program are raised expeditiously
- Consult with customer representatives to identify the outcomes clients require, utilizing expertise to gather customer data, clarify immediate customer needs, and develop and agree to a specification of customer requirements.


Requirements

Education
- Bachelor's Degree or Equivalent Level

Experience
- Minimum 5 years of relevant international transportation/logistics experience; international order management preferred
- Minimum 5 years of experience involving direct customer interaction/ownership
- Good at interpersonal skills and building customer relationships at various levels.
- Excellent communications and persuasive skills to communicate change at all levels within the organization.
- Entrepreneurial mindset and results oriented effort for others and self.
- Independent learner and Experience in managing and directing resources.

职能类别：
市场/营销/拓展专员",物流运输/交通运输,交通与物流,"大客户管理, 客户维护, OMS, POM",Job Purpose；This role creates；connecting customers’ needs to existing capabilities；Develop and execute tailored solutions for customers that ensure their ongoing satisfaction and loyalty while also enhancing profitability；Work closely in projects with cross-functional teams to develop creative solutions to meet customer needs.；Actively engage with the cross commercial team to drive efficiencies；Customer Relationship Management；to ensure their ongoing satisfaction & loyalty.；ensuring an attractive and sizeable pipeline and high closing ratio.；Regularly gathers customer feedback to raise new solutions and business opportunities with their manager and team；Work closely with PM/Ops to support team to implement effective solutions for customers；to ensure that strong relationships are developed/nurtured；Be the voice to customer；Education；Bachelor's Degree or Equivalent Level；Experience；Good at interpersonal skills and building customer relationships at various levels.；Excellent communications and persuasive skills to communicate change at all levels within the organization.；Entrepreneurial mindset and results oriented effort for others and self.,0.5,30000.0,48000.0,39000.0,"['大客户管理', '客户维护', 'OMS', 'POM']","大客户管理,客户维护,OMS,POM",2
150941839,进口报关操作,交通/运输/物流,5.0,8.0,千,月,1-3年,本科,在线,2026-04-16 14:18:37,2026-04-17 10:11:31,上港物流（天津）有限公司,青岛·黄岛区,"五险一金,年终奖,周末双休,餐补,交通补贴,定期体检,通讯补贴","职位详情：
岗位描述：

1、对接客户、报关行、车队、货场、船公司等，统筹协调业务整体操作，确保流程和环节顺畅及时准确；

2、按公司规定和制度，安排公司内部及外部所需商务合同及文件报批；

3、及时发现业务进程中的问题，规避业务风险并有效应对处理业务中的突发问题；

4、完成上级交办的其他相关工作。

任职要求：
1、有3-5年物流或内外贸操作相关工作经验，可以独立操作海运进口、国内运输及仓储业务；

2、专科及以上学历，国际贸易、物流管理、供应链管理相关专业优先；

3、对工作充满热情、踏实认真、有责任感，沟通表达能力强，学习抗压能力强。

职能类别：
报关与报检",物流运输/交通运输,交通与物流,"海运进口, 国内运输, 物流管理, 仓储, 国际贸易, 对接客户",2、专科及以上学历；国际贸易、物流管理、供应链管理相关专业优先；3、对工作充满热情、踏实认真、有责任感；学习抗压能力强。,0.2,5000.0,8000.0,6500.0,"['海运进口', '国内运输', '物流管理', '仓储', '国际贸易', '对接客户']","海运进口,国内运输,物流管理,仓储,国际贸易技能包,对接客户",1
171659817,市场销售,货运/物流/仓储,5.0,8.0,千,月,5年及以上,大专,在线,2026-04-18 04:10:22,2026-04-18 12:41:31,哈尔滨哈俄国际班列运营有限公司,哈尔滨,"绩效奖金,年终奖金","职位详情：
1、岗位职责：
结合公司的市场开发策略和服务产品开展销售工作，按照既定的绩效考核指标完成销售任务，及时反馈市场信息和客户意见，协助公司改进产品和开发新产品。
2、任职条件：大专以上学历，物流/供应链/国际贸易等相关专业，可随时出差者优先，具备5年以上行业市场开发履历，进取心强，市场敏感度高，有客户资源者优先。
3、职位福利：绩效奖金、周末双休、五险、年底奖金、节日福利、租房补贴等。

职能类别：
销售专员",物流运输/交通运输,交通与物流,"物流行业, 市场开发",大专以上学历；物流/供应链/国际贸易等相关专业；可随时出差者优先；进取心强,0.5,5000.0,8000.0,6500.0,"['物流行业', '市场开发']","物流行业,市场开发",2
171666230,物流销售经理,交通/运输/物流,8.0,16.0,千,月,1年及以上,大专,在线,2026-04-17 16:32:45,2026-04-18 12:56:58,广东国城供应链管理有限公司,东莞·沙田镇,"绩效奖金,年终奖金,专业培训,餐饮补贴,员工旅游,交通补贴,通讯补贴,节日福利,五险,提成","职位详情：
【工作职责】
1、负责开发与维护现有及潜在客户关系，提升客户满意度；
2、根据客户需求，提供专业的物流解决方案；
3、定期对客户进行回访，了解并解决客户的实际问题，确保客户满意；
4、跟进回款，通过市场调研，分析竞争对手及市场趋势，为公司的服务改进和市场策略提供依据；
5、定期向上级汇报项目进展及客户情况。

【任职要求】
1、大专以上学历，具备良好的沟通能力、协调能力和客户服务意识，能够承受较强的工作压力，客户资源丰富者可适当放开学历、年龄和行业经验背景。
2、熟悉物流行业，有相关行业背景或销售经验者优先考虑；
3、逻辑思维清晰，具备优秀的谈判技巧和解决问题的能力；
4、能够熟练使用办公软件，如Word、Excel等；
5、工作态度积极主动，具备团队合作精神和自我驱动力。

提成比例优厚，薪资上不封顶。

职能类别：
销售经理",物流运输/交通运输,交通与物流,"销售, 办公软件, 谈判, 市场调研, 物流行业, 回款, 客户关系, 客户资源",1、大专以上学历；客户资源丰富者可适当放开学历、年龄和行业经验背景。；3、逻辑思维清晰；具备优秀的谈判技巧和解决问题的能力；5、工作态度积极主动；提成比例优厚；薪资上不封顶。,0.1,8000.0,16000.0,12000.0,"['销售', '办公软件', '谈判', '市场调研', '物流行业', '回款', '客户关系', '客户资源']","销售,办公软件,谈判,市场调研,物流行业,回款,客户关系,客户资源",1
151054807,上海直招网约车司机,交通/运输/客运,1.0,1.5,万,月,无需经验,,在线,2026-04-17 13:15:21,2026-04-18 13:06:46,龙利星汽车租赁（上海）有限公司,上海·青浦区,"专业培训,定期体检,弹性工作,绩效奖金","职位详情：
请投简历 请投简历 请投简历
公司直招司机.非中介
日结不锁流水
1.每天自己提现.不锁流水
2.车子24小时自由保管.不用每天来公司报道·
公司提供车辆，
1.有驾驶证21-65周岁
2.我们公司直招司机，驾驶车辆全程统一派单
3.薪资待遇:综合收入12000+100%提成，平均月收入15000-18000
下班车子可以开回家，无需到公司报道。公司提供；道路救援，一对一培训，轮胎爆胎换胎公司全包!车管24小时服务!司机负责文明行车，安全驾驶。

年龄要求：
21岁以上

职能类别：
网约车司机",物流运输/交通运输,交通与物流,网约车司机,请投简历 请投简历 请投简历；2.车子24小时自由保管.不用每天来公司报道；1.有驾驶证21-65周岁；公司提供；轮胎爆胎换胎公司全包!车管24小时服务!司机负责文明行车；21岁以上,0.0,10000.0,15000.0,12500.0,['网约车司机'],网约车司机,1
171666009,货代销售,货运/物流/仓储,4.0,6.0,千,月,无需经验,,在线,2026-04-18 04:04:10,2026-04-18 13:08:03,深圳市佳运德坤物流有限公司,深圳,五险一金,"职位详情：
本岗位薪资详情
薪资范围:15000-30000元/月
社保类型:五险一金
提成方式:按回款提成;阶梯式高底薪，高提成+高开户奖+年终分红+带薪年休假奖金补贴:年终奖、绩效奖金、工龄奖
试用薪资:5000元/月

岗位职责
1、通过微信、电话、网络推广的方式积极主动开发有跨境物流需求的客户。
2、为客户提供合适的方案，独立完成客户问题解答、报价。
3、每月制定销售计划，完成工作目标，对意向客户进行及时的拜访和跟进。
4、维护好客情关系，与客户保持长期稳定的合作关系。
5、公司提供资源，客户名单等，帮助新人快速成长，转正。
职位要求
1、没有英语要求，接受零经验，欢迎有销售经验跨行业加入；
2、积极热情，责任心强，良好的沟通协调能力及客户服务意识；
3、热爱销售工作，抗压能力强，敢于挑战自我。
福利待遇：
1、综合薪资轻松过万，阶梯式底薪，高提成+高奖金+丰厚年终奖，只要你有能力薪资上不封顶。
2、入职培训：行业知识、产品介绍、专业服务态度、公司定位方向一对一带新人。
3、办公环境：优雅、整洁、公司提倡人性化管理，办公氛围轻松，办公地点离地铁站100米，周边生活配套齐全。
4、节假日按法定时间放假，不加班! 每月10号准时出粮。
5、公司依法为员工购买五险一金
6、公司配有冰箱、微波炉等电器设备供员工免费使用
7、公司每周还有一次下午茶、每个月有一次团队聚餐，还有各种零食、水果、冰淇淋、 饮料等
8、上班时间：9:00-12:00.13:30-18:00，大小周休息制

职能类别：
货运代理/物流销售",物流运输/交通运输,交通与物流,"销售计划, 客情关系, 客户资源, 网络推广, 跨境物流, 客户问题解答, 报价",薪资范围:；提成方式:；阶梯式高底薪；试用薪资:；2、为客户提供合适的方案；3、每月制定销售计划；完成工作目标；与客户保持长期稳定的合作关系。；客户名单等；职位要求；欢迎有销售经验跨行业加入；2、积极热情；责任心强；3、热爱销售工作；抗压能力强；敢于挑战自我。；1、综合薪资轻松过万；阶梯式底薪；高提成+高奖金+丰厚年终奖；只要你有能力薪资上不封顶。；2、入职培训：；行业知识、产品介绍、专业服务态度、公司定位方向一对一带新人。；优雅、整洁、公司提倡人性化管理；8、上班时间：；大小周休息制；货运代理/物流销售,0.0,4000.0,6000.0,5000.0,"['销售计划', '客情关系', '客户资源', '网络推广', '跨境物流', '客户问题解答', '报价']","销售计划,客情关系,客户资源,网络推广,跨境物流,客户问题解答,报价",1
166514269,每天自己提现网约车司机,交通/运输/客运,1.0,1.5,万,月,1年及以上,,在线,2026-04-18 10:33:11,2026-04-18 13:49:17,龙利星汽车租赁（上海）有限公司,上海·闵行区,有餐补,"职位详情：
工作内容：本公司(非中介)1型以上驾照，一年以上驾龄，驾驶技术熟练。
2· 年龄21-60,待人和善，有较强的服务意识 ，作息时间自由安排。
3.工作时间：8-12小时可自由安排。工作地点；全上海。
4.公司提供车辆，全上海都可以跑，不限行；
5.车辆由你保管，公司提供十二大安心服务保障，不用每天开回公司，时间自由，随时接单随时跑。
6.不用路边等客，软件接单，想接单就打开软件，想休息就关闭软件，睡到自然醒，作息自由。
7.平台24小时有订单供应，多劳多得，肯吃苦，想赚钱，合适你就来

年龄要求：
21-60岁

职能类别：
出租车司机",物流运输/交通运输,交通与物流,"驾照, 驾驶技术",待人和善；有较强的服务意识；作息时间自由安排。；8-12小时可自由安排。；不用每天开回公司；随时接单随时跑。；作息自由。；多劳多得；想赚钱；21-60岁,0.1,10000.0,15000.0,12500.0,"['驾照', '驾驶技术']","驾照,驾驶技术",1
154727155,空运操作（工作地点—南通）,交通/运输/物流,6.0,7.0,千,月,1年及以上,,在线,2026-04-17 14:15:02,2026-04-18 13:54:57,骏高国际货运（中国）有限公司,南通,"绩效奖金,员工旅游,五险一金,交通补贴","职位详情：
职位信息
1.主要负责空运出口操作，处理好客户货物出口整个操作过程，包括订舱，拖车，报关，制作提单，账单，货物跟踪等。
2.配合业务的工作需要，为客户提供相关的咨询以及保持与客户良好的合作关系。
3.配合财务部的工作需要，处理所有费用明细的计费，并协助处理好应收应付的款项。
4.配合公司其它部门的需要，保持整个公司的正常运转。
任职资格:
1.一年以上空运操作工作经验，熟悉操作所有的工作流程。
2.聪明踏实，正直诚实，认真细致，较好的人际交沟通能力，及良好的服务意识，上进心强。
3.有东南亚线/印巴线空运操作工作经验优先

职能类别：
单证员",物流运输/交通运输,交通与物流,"空运, 制作提单, 操作",2.聪明踏实；认真细致；及良好的服务意识；上进心强。,0.1,6000.0,7000.0,6500.0,"['空运', '制作提单', '操作']","空运,制作提单,操作",1
171661398,网络运维,交通/运输/客运,6.0,8.0,千,月,无需经验,大专,在线,2026-04-17 14:36:03,2026-04-18 13:55:28,山东泰达交通工程有限公司,济南·高新区,"五险一金,年终奖金,定期体检,绩效奖金,节日福利","职位详情：
【工作内容】
- 负责公司网络设备的日常维护与监控，确保网络系统稳定运行；
- 处理网络故障，及时响应并解决用户问题，保障业务连续性；
- 参与网络架构优化及安全策略实施，提升整体网络性能与安全性；
- 协助完成服务器、防火墙等设备的配置与管理。
【任职要求】
- 大专及以上学历，计算机相关专业优先，不限工作经验；
- 熟悉TCP/IP、路由交换等网络基础知识；
- 具备良好的沟通能力和团队协作精神；
- 对新技术有较强的学习能力，责任心强，能适应一定强度的工作节奏。

年龄要求：
24岁以上

职能类别：
运维工程师",物流运输/交通运输,交通与物流,"计算机, 网络, 服务器, tcp, 防火墙, 网络设备, ip, 配置管理, 网络系统, 路由交换, 新能源",大专及以上学历；计算机相关专业优先；对新技术有较强的学习能力；责任心强；能适应一定强度的工作节奏。,0.0,6000.0,8000.0,7000.0,"['计算机', '网络', '服务器', 'tcp', '防火墙', '网络设备', 'ip', '配置管理', '网络系统', '路由交换', '新能源']","计算机技能包,网络,服务器,tcp,防火墙,网络设备,ip,配置管理,网络系统,路由交换",1
171196343,件杂货租船经理,交通/运输/物流,1.8,2.2,万,月,5-10年,本科,在线,2026-04-17 14:14:27,2026-04-18 13:59:14,密尔克卫智能供应链服务集团股份有限公司,上海,,"职位详情：
1. 学历与专业

61 本科及以上，航运管理、海商法、物流、海事工程、国际贸易、英语等优先

61 海事院校毕业、有船长/大副资历者加分

2. 工作经验

61 主流要求：5–10年件杂货/散杂货租船、揽货、OP或Broker经验

61 中高端：3–5年件杂货租船实操（定船、拿船、拿货、合同谈判）

61 加分：有工程物流、重大件、项目货、近远洋航线经验

3. 专业能力

61 精通件杂货/散货市场：船型（灵便型、超灵便、大灵便、重吊船等）、货种、航线、运价走势

61 熟练操作VC（程租）、TCT（航次期租）、TC（期租）、SP等租约模式

61 精通租船合同条款（如GENCON、NYPE），能独立谈判、审核、把控风险

61 航次预算、成本核算、盈亏分析、航次复盘能力

61 熟悉船东/货主/经纪人资源网络，有稳定渠道者优先

4. 语言与工具

61 英语：六级及以上，听说读写流利，可作为工作语言

61 熟练使用Office、航运系统、租船报价/核算工具

5. 软技能与素养

61 极强商务谈判、沟通协调、跨部门协作能力

61 敏锐市场洞察、风险预判、抗压与应变能力

61 责任心强、廉洁自律

年龄要求：
28-43岁

职能类别：
船务/空运陆运操作",物流运输/交通运输,交通与物流,"数据分析, erp, 英语, 成本控制, 物流, 海运, 国际贸易, 业务拓展, pmp",1. 学历与专业；61 本科及以上；3. 专业能力；有稳定渠道者优先；可作为工作语言；61 责任心强、廉洁自律；28-43岁,0.75,18000.0,22000.0,20000.0,"['数据分析', 'erp', '英语', '成本控制', '物流', '海运', '国际贸易', '业务拓展', 'pmp']","数据分析,erp,英语,成本控制,物流,海运,国际贸易技能包,业务拓展,pmp",2
171265816,高铁乘务员/五险一金/上几休几,交通/运输/客运,6.0,8.0,千,月,无需经验,高中,在线,2026-04-17 18:09:47,2026-04-18 14:08:12,保定晟彩人力资源有限公司,郑州,"餐补,五险一金,年终奖金,绩效奖金,餐饮补贴,专业培训,交通补贴,五险一金,带薪年假","职位详情：
一、职位信息
职位名称：安检员、乘辅警、乘务员、贵宾厅接待、动车检修、接触网工
1.工作内容：
（1）负责协助旅客上下车，检查票务，认座，旅客餐饮咨询等工作；
（2）负责车站出入站口检票工作；
（3）负责列车、站内安全管理(包括引导，抽查旅客身份证件)；
（4）动车联检、轨道维保维管、接触网工等。
2、工作要求：
（1）性别不限，18-30岁，身高170/160CM及以上，身体健康，无不良嗜好；
（2）普通话标准。具有良好服务意识及亲和力，热爱服务行业；
（3）退役军人/应届毕业生优先；
（4）接受实习生。
二、薪资详情
1.薪资范围：6-8K
2.薪资结构：
（1）转正综合工资： 一线城市综合工资6000-8000，二三线城市综合 4000-7000
（2）上几休几(例如上二休二或上三休三等)，提供住宿，餐补；
三、入职公司信息
入职公司名称：高铁站
工作地点：高铁站等
4、实习情况
实习时间：3-6个月
实习地点：高铁站等
实习薪资：2-3K 左右，加班补贴等另计

年龄要求：
18-30岁

职能类别：
乘务员",物流运输/交通运输,交通与物流,"乘务, 乘辅警, 安检, 检票, 高铁铁路, 接触网",一、职位信息；职位名称：；安检员、乘辅警、乘务员、贵宾厅接待、动车检修、接触网工；旅客餐饮咨询等工作；（2）负责车站出入站口检票工作；2、工作要求：；18-30岁；身体健康；无不良嗜好；具有良好服务意识及亲和力；热爱服务行业；（3）退役军人/应届毕业生优先；二、薪资详情；1.薪资范围：；2.薪资结构：；入职公司名称：；18-30岁；乘务员,0.0,6000.0,8000.0,7000.0,"['乘务', '乘辅警', '安检', '检票', '高铁铁路', '接触网']","乘务,乘辅警,安检,检票技能包,高铁铁路",1
171668612,外企关务,交通/运输/物流,7.5,8.5,千,月,5年及以上,大专,在线,2026-04-17 17:53:45,2026-04-18 14:36:13,苏州海发国际货运代理有限公司,苏州·苏州工业园区,,"职位详情：
【工作内容】
- 负责工厂进出口货物的报关、清关及相关单证处理；
- 协调与海关、物流及供应商之间的沟通，确保货物顺利通关；
- 跟踪和管理进出口流程，确保符合国家相关法律法规及公司内部制度；
- 参与关务流程优化，提升整体运作效率。
【任职要求】
- 大专及以上学历，国际贸易、物流或相关专业优先；
- 5年关务或进出口相关工作经验；
- 熟悉海关法规及进出口业务流程，具备良好的沟通协调能力；
- 有生物医药行业或保税区工作经验者优先
- 具备较强的责任心和抗压能力，能适应工作环境。
-工作地点在苏州工业园区保税区内

职能类别：
报关与报检",物流运输/交通运输,交通与物流,"物流, 报关, 国际贸易, 进出口, 生物医药行业, 清关, 进出口业务, 关务, 进出口流程, 保税区",大专及以上学历；国际贸易、物流或相关专业优先；具备较强的责任心和抗压能力；能适应工作环境。,0.5,7500.0,8500.0,8000.0,"['物流', '报关', '国际贸易', '进出口', '生物医药行业', '清关', '进出口业务', '关务', '进出口流程', '保税区']","物流,国际贸易技能包,进出口,生物医药行业,清关,进出口业务,关务,进出口流程,保税区",2
171670835,仓库管理员,民营,4.0,6.0,千,月,1年及以上,本科,在线,2026-04-18 00:16:54,2026-04-18 14:37:58,江苏欣弘实业有限公司,南京,"年终奖金,专业培训,节假日福利,周末双休","职位详情：
【工作内容】
- 负责仓库货物的接收、验收、分类、存储及发放工作，确保库存准确无误；
- 定期盘点库存，及时更新库存数据，保证账物一致；
- 维护仓库环境整洁与安全，确保物品存放有序、易于查找；
- 配合物流部门完成发货及退货处理，保障物流效率。
【任职要求】
- 具备良好的责任心和团队协作精神，工作细致认真；
- 有较强的学习能力，能快速适应岗位工作；
- 要求本科及以上学历，并具有一年以上相关工作经验；
- 能适应一定的体力劳动，具备基本的电脑操作能力。

职能类别：
仓库管理员",其他行业,交通与物流,"验收, 电脑, 发货, 盘点库存, 库存数据, 退货处理, 货物接收, 物流效率, 存储",工作细致认真；有较强的学习能力；能快速适应岗位工作；要求本科及以上学历；能适应一定的体力劳动,0.1,4000.0,6000.0,5000.0,"['验收', '电脑', '发货', '盘点库存', '库存数据', '退货处理', '货物接收', '物流效率', '存储']","验收,电脑,发货,盘点库存,库存数据,退货处理,货物接收,物流效率,存储",1
171660180,高铁乘务员/乘辅警/包食宿8k,民营,6.0,8.0,千,月,无需经验,初中及以下,在线,2026-04-17 15:15:25,2026-04-18 14:57:45,石家庄万辽客运服务有限公司,阿拉善盟,"缴纳五险,员工宿舍,五险一金,餐补,保险,生育保险,医疗保险,失业保险,养老保险,工伤保险","职位详情：
入职公司名称：北京都杰安防科技有限公司
工作地点：根据户籍地安排
1.转正和实习工作内容：
（1）负责协助旅客上下车，检查票务，认座，旅客餐饮咨询等工作；
（2）负责车站出入站口检票工作；
（3）负责列车、站内安全管理(包括引导，抽查旅客身份证件)；
（4）动车联检、轨道维保维管、接触网工等。
2、工作要求：
（1）性别不限，18-30岁，身体健康，无不良嗜好；
（2）普通话标准。无违法犯罪记录,具有良好服务意识及亲和力，热爱服务行业；
（3）退役军人/应届毕业生优先；
（4）接受实习生。
二、薪资详情
1.薪资范围：6-8K
2.薪资结构：
（1）转正综合工资： 一线城市综合工资6000-8000，二三线城市综合 5000-7000
（2）上几休几(例如上二休二或上三休三等)，统一安排入驻员工宿舍，小区式住宿环境，水、电、暖气、空调等齐全。
（3）入职后按照国家规定缴纳五险：养老保险、医疗保险、生育保险、工伤保险、失业保险。
（4）长期合同制 可以长期稳定工作、退休后有退休金、享受养老政策
三、入职公司信息
入职公司名称：北京都杰安防科技有限公司
工作地点：根据户籍地安排，也可以根据求职者意愿调整。
四、实习/培训情况
实习/培训时间：3-6个月，实习内容
实习/培训地点：北京，天津.南昌.成都等
实习/培训薪资：2K-3K，加班等其他补助另算

年龄要求：
18-30岁

职能类别：
乘务员",其他行业,交通与物流,"安全管理, 检票, 引导, 检查票务, 认座, 接触网, 上下车",入职公司名称：；旅客餐饮咨询等工作；（2）负责车站出入站口检票工作；2、工作要求：；18-30岁；身体健康；无不良嗜好；具有良好服务意识及亲和力；热爱服务行业；（3）退役军人/应届毕业生优先；二、薪资详情；1.薪资范围：；2.薪资结构：；（4）长期合同制 可以长期稳定工作、退休后有退休金、享受养老政策；入职公司名称：；18-30岁；乘务员,0.0,6000.0,8000.0,7000.0,"['安全管理', '检票', '引导', '检查票务', '认座', '接触网', '上下车']",检票技能包,1
171646865,营销经理,交通/运输/客运,3.0,5.0,千,月,1年及以上,高中,在线,2026-04-18 04:04:24,2026-04-18 15:07:56,安徽中宿供应链管理有限公司,安庆,,"职位详情：
负责宿松县百岁泉品牌纯净水营销业务。
岗位职责：1、与客户（经销商）建立良好的沟通，维护客户关系；2、负责宿松县域内市场的开发、销售订单及回款的工作；3、负责区域零售终端管理、促销活动的执行。
岗位要求：1、年龄不超过50岁；2、热爱销售工作，具有良好的沟通能力、表达能力，做事积极主动；3、具有营销行业一年以上工作经验，能够适应市场的快速变化，敢于面对市场竞争压力。

职能类别：
销售专员",物流运输/交通运输,交通与物流,"销售, 维护客户关系, 市场开发, 营销行业, 零售终端管理, 促销活动",2、热爱销售工作；做事积极主动,0.1,3000.0,5000.0,4000.0,"['销售', '维护客户关系', '市场开发', '营销行业', '零售终端管理', '促销活动']","销售,维护客户关系,市场开发,营销行业,零售终端管理,促销活动",1
171674583,客服文员（长沙）,货运/物流/仓储,5.0,8.0,千,月,1年及以上,大专,在线,2026-04-18 14:35:12,2026-04-18 15:11:18,嘉兴环洋电商物流服务有限公司,长沙·长沙县,"年终奖,旅游,缴纳五险,高温补贴,节日福利,带薪年假","职位详情：
岗位职责:
1.对接销售，处理销售售后问题;
2.合同的对接开户以及后期跟进客户;
3.销售客户价格调整以及查看账单亏本原因，价格维护;
4.沟通每个部门配合销售处理工作;

任职要求:
1、大专以上学历(优秀者可放宽)，接受优秀应届毕业生;
2、性格外向，擅长与人沟通;
3、有一定的销售思维，工作主动性强;
4、办公软件EXCEL、WORD熟练;

工作时间：9:00-18:00 单休（周日）
薪资范围：5K-8K(可享受销售提成),具体面议；

福利：入职即缴纳社保+住房公积金+法定节假日+带薪年假+工龄奖+高温费+年终奖+年度调薪机会+国内外旅游。。。。。。。

年龄要求：
20-40岁

职能类别：
客服专员/助理",物流运输/交通运输,交通与物流,"办公软件, excel, word, 价格维护, 跟进客户, 对接销售, 销售售后, 销售处理",1、大专以上学历(优秀者可放宽)；接受优秀应届毕业生；2、性格外向；工作主动性强；薪资范围：；具体面议,0.1,5000.0,8000.0,6500.0,"['办公软件', 'excel', 'word', '价格维护', '跟进客户', '对接销售', '销售售后', '销售处理']","办公软件,word技能包,价格维护,跟进客户,对接销售,销售售后,销售处理",1
171669176,日薪 300+招新手家电清洗,货运/物流/仓储,9.0,12.0,千,月,无需经验,,在线,2026-04-17 18:17:18,2026-04-18 15:18:50,深圳智远云商信息技术有限公司,惠州·大亚湾区,"带薪年假,专业培训,出差补贴","职位详情：
一、工程师基础要求
1、年龄：20-48周岁
2、基本技能：识字，会使用智能手机，熟练使用导航，会骑电动车
3、时间要求：早上8点—晚上8点开放时间接单，有单做单，无单自由安排。
4、免费培训家电清洗及家政相关技能，无经验，有岗前培训3-5天培训上岗
5、周度要求：月休4天，做6休1，周一至周五间固定1天休息；也可以选择不固定休息，有事提前请假。

二、岗位职责和薪资待遇：
1、工资待遇：收入9000-12000元上不封顶
2、工作内容：主要负责空调、冰箱、洗衣机、油烟机等家电清洗及床垫沙发除螨、木地板打蜡等-免费学，入职后安排免费实操培训
3、工作按住址就近派单。APP派单，不需要到公司打卡上下班
4、全职，全职

年龄要求：
20-48岁

职能类别：
家电维修",物流运输/交通运输,交通与物流,"家电清洗, 油烟机, 智能手机, 导航",20-48周岁；周一至周五间固定1天休息；也可以选择不固定休息；有事提前请假。；3、工作按住址就近派单。；不需要到公司打卡上下班；4、全职；全职；20-48岁,0.0,9000.0,12000.0,10500.0,"['家电清洗', '油烟机', '智能手机', '导航']","家电清洗,油烟机,智能手机,导航",1
171665375,海运商务客服,交通/运输/物流,7.0,11.0,千,月,2年及以上,本科,在线,2026-04-17 16:09:59,2026-04-18 15:28:28,上海环世物流（集团）有限公司,宁波·鄞州区,"保险,双休,保险,周末双休,五险一金,购买五险,带薪年假,员工旅游,年终奖金,绩效奖金,专业培训,定期体检","职位详情：
早九晚六-双休、非营销类岗位；
需满足2年以上货代行业经验。

岗位内容：
1、前期报价支持：上游有销售的情况下，协助介入客情、完成客户询报价，参与客户前期沟通与报价支持。
2、接单与前置确认：销售报价结束后，负责接单、确认船期/海运费卖价，确认报关/拖车/保险等履约服务项。
3、系统录单与舱位跟进：完成系统录单，跟进舱位放舱进度；若未及时放舱，定时跟进并识别卡点，重大问题升级处理。
4、特殊业务信息传达：在CR类业务中，承担信息传达职责，衔接外港操作与客户。
5、操作交接与闭环：将业务交接给操作/单证团队，持续跟进直至履约环节闭环
6、客情问题升级：识别并处理重大客情问题，按流程升级至对应管理层或部门。

任职资格：
1、学历：本科及以上学历，物流管理、国际贸易、市场营销、商务英语等相关专业优先。
2、工作经验：2年以上国际物流/货代行业客服、销售支持、操作一条龙经验，有客户转化或商务谈判经历者优先。
3、专业技能：熟悉货代全流程（询价、报价、接单、履约）；具备合同审核与风险识别能力。
4、（加分项）客户沟通与维护能力：能独立面对客户，进行日常询盘响应、关系维护及需求挖掘，掌握客户动向。
5、资源整合与异常处理能力：能够协同内外部资源，处理履约端异常，提供解决方案促成客户转化。
6、具备良好的执行力与团队协作精神。

年龄要求：
21-38岁

职能类别：
船务/空运陆运操作",物流运输/交通运输,交通与物流,"市场营销, 异常处理, 报关, 国际贸易, 客户沟通, 客服, 拖车, 询价, 海运客服",1、学历：；本科及以上学历；物流管理、国际贸易、市场营销、商务英语等相关专业优先。；能独立面对客户,0.2,7000.0,11000.0,9000.0,"['市场营销', '异常处理', '报关', '国际贸易', '客户沟通', '客服', '拖车', '询价', '海运客服']","市场营销,异常处理,国际贸易技能包,客户沟通,客服,拖车,询价,海运客服",1
171621859,周结2000/免费配车/超市配送员,交通/运输/客运,8.0,12.0,千,月,无需经验,,在线,2026-04-18 04:13:18,2026-04-18 15:40:48,南京达新配送服务有限公司,南京,"交通补贴,餐饮补贴,绩效奖金,弹性工作","职位详情：
南京网红连锁超市高薪直聘小哥！门店面试，门店直聘，你若正在寻找机会，快来加入！就近分配最近的门店工作！
【配送流程】：
1.客户通过网上下单，由拣货员打包到箱子里，我们配送根据单子上面的地址打开手机导航骑店里电瓶车配送到每个客户家里。
2.门店配送站统一取单，系统公平派单，无需抢单，配送范围以门店为中心，附近3.5公里以内。
【入职要求】：
会骑电瓶车，身体健康，能够吃苦耐劳，无需经验，前期有老员工带。欢迎有外卖/快递配送经验的前来加入
【收入结构】：
一：操作熟练/路线熟悉了之后一次携带4～8个单子送出去（系统派单，一条线路上的），送完回店里休息一下接着拿单送，平均人均单量一天50～60单（能力强的可以送到60～80单每天）。
二：原始单价+冲单奖+好评+打赏+高温费，入职购买保险；综合日均收入200元～500左右。
三：月综合收入8000元起～1.2万元/月，路线熟悉了，能吃苦的兄弟们月均收入在1万以上，实实在在的收入，大部分人员都是能拿到手的！
正常干：8000元~10000元
努力干：10000元~12000元
四: 住宿可以提供解决
五：免费提供电瓶车！
（注：在此承诺本招聘信息真实常年长期有效

职能类别：
送餐员",物流运输/交通运输,交通与物流,"会骑电瓶车, 身体健康, 吃苦耐劳, 无需经验",门店直聘；快来加入！就近分配最近的门店工作！；入职要求】：；身体健康；欢迎有外卖/快递配送经验的前来加入；送完回店里休息一下接着拿单送；努力干：；在此承诺本招聘信息真实常年长期有效,0.0,8000.0,12000.0,10000.0,"['会骑电瓶车', '身体健康', '吃苦耐劳', '无需经验']","会骑电瓶车,身体健康,吃苦耐劳,无需经验",1
171541591,惠州送餐员7千+提供车住,货运/物流/仓储,5.0,10.0,元,单,无需经验,,在线,2026-04-18 15:28:47,2026-04-18 15:55:07,广州凯博人力资源服务有限公司,惠州·惠阳区,"餐补,专业培训","职位详情：
【工作内容】
- 负责按照订单要求，准时、安全地将餐品送达客户手中；
- 配合平台调度，合理规划送餐路线，提高送餐效率；
- 保持良好的服务态度，与客户沟通顺畅，确保客户满意度；
- 定期检查配送工具，保证设备正常运行。
【任职要求】
- 年龄18-45岁，身体健康，无不良记录；
- 有责任心，具备良好的沟通能力和团队协作精神；
- 不限工作经验，接受新手培训；
- 持有驾驶证或电动车行驶证者优先，提供住宿和车辆支持。

年龄要求：
18-45岁

职能类别：
送餐员",物流运输/交通运输,交通与物流,"驾驶证, 电动车行驶证",身体健康；有责任心,0.0,5.0,10.0,7.5,"['驾驶证', '电动车行驶证']","驾驶证,电动车行驶证",1
171667048,超市招送餐的骑手包吃住8K,交通/运输/物流,6.0,8.0,元,单,无需经验,,在线,2026-04-17 16:59:15,2026-04-18 16:03:49,武汉栗民科技有限公司,天门,"包吃住,提成","职位详情：
【工作内容】
1、负责超市订单的准时配送，超时不扣钱
2、 按照门店分配的单子完成商品取货与派送工作；
3、配合门店进行日常运营
【任职要求】
1、年龄18-54岁，身体健康
2、无需相关工作经验
3、会骑车，能接受排班
【入职福利】
1、0元入职，没有多余费用，面试通过就能住宿，
2、包吃包住，提供车子，更有大额奖励
3、无需经验，入职有老人带
4、入职即可预支工资

年龄要求：
18-54岁

职能类别：
送餐员",物流运输/交通运输,交通与物流,"日常运营, 排班",身体健康；入职,0.0,6.0,8.0,7.0,"['日常运营', '排班']","日常运营,排班",1
171668267,成熟公交驾驶员,交通/运输/物流,1.0,1.2,万,月,无需经验,中技/中专,在线,2026-04-18 12:11:04,2026-04-18 16:13:44,上海金悦美物业管理有限公司,上海·徐汇区,"五险一金,专业培训,年终奖金,补充医疗保险,节日福利,企业年金","职位详情：
1.持有A1或A3驾驶证（实习期内除外）；

2.高中、中专、职校、技校（含）以上文化程度；

3.年龄20～45

3.身体健康、不过度肥胖、无色盲色弱，无心脑血管疾病，无癫痫、脑部疾病、心理疾病、突发性昏厥及其他妨碍驾驶机动车辆的病症或生理缺陷；

4.无违法违纪行为；无酗酒、赌博等影响安全行车的不良嗜好，最近三个驾驶证记分周期内无严重事故和严重违章等不良记录，无被记满分记录。

（二）薪资待遇

1.在岗路线驾驶员人均年收入15～17w

2.为职工缴纳“五险一金”；

3.享受企业年金、疗休养、健康体检及节日慰问等福利。

年龄要求：
20-45岁

职能类别：
客运司机",物流运输/交通运输,交通与物流,"A1驾驶证, A3驾驶证",2.高中、中专、职校、技校（含）以上文化程度；3.享受企业年金、疗休养、健康体检及节日慰问等福利。；20-45岁,0.0,10000.0,12000.0,11000.0,"['A1驾驶证', 'A3驾驶证']","A1驾驶证,A3驾驶证",1
171668725,金融押运管理员八险三金,交通/运输/物流,6.0,7.0,千,月,无需经验,中技/中专,在线,2026-04-18 12:10:48,2026-04-18 16:16:01,上海金悦美物业管理有限公司,上海·浦东新区,"五险一金,年终奖金,带薪年假,定期体检,节日福利,五险,企业年金,节假日福利","职位详情：
职位详情

职位名称：金融押运员年薪10-11万
八险三金，做三休一（合同正式）

职位描述：岗位职责：根据现金物品运输工作流程，与同车组人员共同确保现金物品标的安全。

工作班时：做三休一（常日）做二休二

岗位要求：
1.1.70米以上，高中（中专）学历、身体健康，无精神疾病史。

2.押运员年龄35岁以下
驾驶员37岁以下，B证可放宽到40岁，押运员也可通过公司免费培训晋升司机、组长、队长。

3.无违法犯罪、无行政处罚等不良记录

4.福利：五险一金、补充公积金、补充医保、企业年金、半年奖、全年奖、驾驶员安全公里奖、带薪休假、体检、优秀员工疗休养等企业福利。

工作地址：（全市各区（含各郊区）…）查看全部
年龄：18-40岁

年龄要求：
18-40岁

职能类别：
保安",物流运输/交通运输,交通与物流,武装押运,高中（中专）学历、身体健康；驾驶员37岁以下；B证可放宽到40岁,0.0,6000.0,7000.0,6500.0,['武装押运'],武装押运,1
